#,WinRate,WinRank,Total,TotalRank,WinDiff,DiffRank
1,21.53,623,318,627,-6.83,495
2,39.17,449,405,467,-6.11,480
3,61.33,259,525,162,1.24,388
4,61.45,256,625,42,-12.6,586
5,37.3,475,309,652,10.06,264
6,56.7,303,405,467,11.42,237
7,80.98,106,534,144,19.11,159
8,82.48,88,634,36,8.07,302
9,82.23,91,634,36,7.82,306
10,18.9,664,314,636,-8.93,523
11,36.67,483,405,467,-8.61,519
12,60.45,271,530,149,-0.62,414
13,60.95,265,630,38,-13.31,598
14,16.9,684,195,795,9.87,268
15,4.51,783,205,786,-3.75,447
16,49.56,363,395,499,5.82,330
17,21.53,623,195,795,14.5,209
18,9.76,746,205,786,1.5,385
19,57.82,295,395,499,14.08,215
20,98.5,3,495,254,43.66,2
21,33.04,512,251,757,9.81,271
22,51.31,347,349,561,17.1,176
23,80.85,107,479,333,28.13,64
24,91.24,35,579,114,21.19,130
25,48.81,370,253,756,25.29,83
26,75.22,159,413,452,28.87,57
27,49.81,359,262,750,25.31,82
28,79.22,126,442,407,29.98,46
29,28.41,554,288,718,2.68,365
30,59.07,286,438,417,10.17,260
31,63.33,237,320,618,34.68,25
32,85.11,78,485,297,31.66,37
33,19.9,648,300,680,-6.52,487
34,47.18,382,450,397,-2.73,440
35,13.52,717,275,735,-11.71,567
36,30.79,536,365,532,-6.99,497
37,58.82,287,505,218,2.4,371
38,23.28,608,273,740,-1.87,431
39,42.3,421,365,532,4.52,339
40,67.33,208,505,218,10.91,241
41,13.14,721,323,617,-15.98,625
42,38.67,457,483,311,-14.53,612
43,34.54,496,299,699,8.19,299
44,78.22,131,505,218,21.8,124
45,5.51,778,270,741,-19.5,656
46,20.9,632,435,418,-27.74,738
47,31.16,529,245,765,9.02,286
48,71.34,183,455,385,21,134
49,7.13,764,320,618,-21.52,686
50,16.65,687,395,499,-27.09,733
51,27.78,560,490,275,-26.34,725
52,7.38,758,285,722,-18.22,642
53,18.02,671,405,467,-27.26,735
54,21.03,630,305,662,-5.81,476
55,68.59,196,450,397,18.68,165
56,54.69,320,265,746,29.97,47
57,88.36,60,405,467,43.08,4
58,56.45,306,290,710,30.63,41
59,85.48,75,440,409,36.41,20
60,31.04,531,320,618,2.39,372
61,66.33,216,500,225,10.73,249
62,49.19,367,305,662,22.35,119
63,73.09,170,455,385,22.75,114
64,36.8,480,350,554,2.37,373
65,76.35,150,555,120,10.33,259
66,58.57,288,300,680,32.15,34
67,69.21,190,385,513,27.26,70
68,52.32,341,510,205,-4.96,462
69,36.8,480,310,642,9.45,279
70,61.7,253,400,494,17.16,175
71,78.72,128,500,225,23.12,110
72,79.72,120,590,87,8.26,297
73,13.77,716,305,662,-13.07,593
74,22.28,615,405,467,-23,703
75,34.04,497,505,218,-22.38,695
76,17.4,681,300,680,-9.02,525
77,34.67,495,390,505,-8.2,517
78,52.94,331,490,275,-1.18,420
79,43.18,407,335,579,11.91,229
80,80.35,113,515,196,22.17,121
81,14.27,712,300,680,-12.15,577
82,22.53,613,390,505,-20.34,665
83,32.29,518,495,254,-22.55,697
84,68.71,194,410,457,22.75,114
85,85.48,75,500,225,29.88,50
86,19.02,663,315,633,-8.93,523
87,14.39,711,490,275,-39.73,780
88,12.89,723,590,87,-58.57,800
89,20.9,632,325,608,-8.54,518
90,52.44,338,465,361,1.2,390
91,38.42,462,352,552,3.54,361
92,57.45,298,310,642,30.1,45
93,79.97,118,460,372,29.19,55
94,20.28,644,325,608,-9.16,532
95,52.44,338,475,335,0.17,403
96,12.39,726,325,608,-17.05,633
97,28.91,552,500,225,-26.69,728
98,15.27,702,305,662,-11.57,564
99,52.69,335,525,162,-7.4,502
100,45.81,393,310,642,18.46,166
101,63.2,238,405,467,17.92,168
102,77.85,134,500,225,22.25,120
103,84.36,80,600,49,11.89,230
104,47.81,377,385,513,5.86,328
105,15.39,700,328,606,-14.57,614
106,47.81,377,483,311,-5.39,468
107,27.03,569,325,608,-2.41,439
108,57.95,293,475,335,5.68,332
109,59.32,282,330,589,29,56
110,82.73,87,480,318,29.89,49
111,16.27,690,325,608,-13.17,596
112,36.17,485,520,181,-22.95,702
113,15.52,699,320,618,-13.13,594
114,24.66,599,425,430,-23.03,704
115,66.96,213,455,385,16.62,183
116,56.07,311,455,385,5.73,331
117,8.26,752,385,513,-33.69,763
118,11.01,738,340,570,-21.27,684
119,37.42,473,490,275,-16.7,631
120,23.78,606,345,565,-9.56,537
121,40.05,439,485,297,-13.4,599
122,19.65,655,450,397,-30.26,750
123,38.55,459,435,418,-10.09,541
124,68.34,198,490,275,14.22,212
125,77.72,136,590,87,6.26,325
126,32.54,517,295,700,6.45,323
127,64.96,225,440,409,15.89,191
128,42.68,414,320,618,14.03,216
129,50.31,353,450,397,0.4,400
130,52.07,345,340,570,19.79,146
131,91.24,35,520,181,32.12,35
132,55.19,318,460,372,4.41,342
133,88.11,64,500,225,32.51,32
134,67.08,211,455,385,16.74,181
135,81.73,97,490,275,27.61,67
136,74.59,163,495,254,19.75,147
137,66.33,216,500,225,10.73,249
138,88.61,57,600,49,16.14,189
139,85.73,74,490,275,31.61,38
140,21.53,623,200,791,14.36,211
141,65.21,222,540,126,2.13,377
142,64.33,230,640,34,-10.31,543
143,40.3,436,535,135,-21.77,690
144,21.78,620,288,718,-3.95,449
145,29.54,547,325,608,0.1,406
146,44.56,401,525,162,-15.53,621
147,88.36,60,525,162,28.27,63
148,45.68,394,525,162,-14.41,609
149,14.77,709,395,499,-28.97,742
150,11.64,734,355,546,-23.91,709
151,33.17,510,495,254,-21.67,689
152,33.29,507,355,546,-2.26,436
153,62.95,240,495,254,8.11,301
154,97.75,4,515,196,39.57,7
155,99.37,1,615,46,25.82,79
156,39.92,441,540,126,-23.16,705
157,68.09,203,580,91,-2.1,432
158,80.1,116,580,91,9.91,267
159,72.22,176,580,91,2.03,379
160,25.03,595,300,680,-1.39,424
161,49.81,359,420,439,2.65,367
162,62.2,242,600,49,-10.27,542
163,92.62,23,680,16,15.61,194
164,93.87,15,780,1,4.5,340
165,93.62,17,780,1,4.25,345
166,80.23,114,600,49,7.76,307
167,20.78,636,318,627,-7.58,507
168,38.67,457,405,467,-6.61,489
169,61.08,261,525,162,0.99,391
170,37.67,470,309,652,10.43,256
171,56.95,302,405,467,11.67,232
172,79.35,124,534,144,17.48,171
173,20.03,646,314,636,-7.8,512
174,37.8,468,405,467,-7.48,505
175,60.7,267,530,149,-0.37,412
176,2.88,794,215,781,-9.04,527
177,67.71,206,415,449,21.12,132
178,24.66,599,262,750,0.16,404
179,49.94,357,442,407,0.7,398
180,23.03,609,265,746,-1.69,427
181,55.57,314,390,505,12.7,222
182,7.26,761,250,758,-15.81,624
183,19.15,660,390,505,-23.72,706
184,96.62,7,535,135,34.55,27
185,46.43,387,330,589,16.11,190
186,47.81,377,460,372,-2.97,442
187,32.17,521,205,786,23.91,99
188,3.75,787,218,780,-9.41,534
189,3.13,793,210,783,-6.81,493
190,3.38,791,245,765,-18.76,644
191,18.15,667,405,467,-27.13,734
192,49.19,367,320,618,20.54,139
193,76.1,152,470,350,24.36,96
194,11.39,736,280,726,-14.03,606
195,20.53,643,365,532,-17.25,636
196,31.16,529,510,205,-26.12,724
197,19.9,648,610,47,-53.34,797
198,27.66,561,490,275,-26.46,727
199,14.02,714,250,758,-9.05,528
200,26.41,579,420,439,-20.75,672
201,19.15,660,410,457,-26.81,731
202,51.06,348,500,225,-4.54,456
203,26.66,577,250,758,3.59,360
204,58.2,291,340,570,25.92,77
205,87.73,67,460,372,36.95,16
206,61.83,251,360,539,25.16,84
207,5.01,781,180,800,-12.69,588
208,12.02,730,425,430,-35.67,770
209,75.47,158,390,505,32.6,31
210,4.26,784,210,783,-5.68,473
211,16.9,684,430,422,-31.28,753
212,83.73,82,525,162,23.64,103
213,47.31,381,525,162,-12.78,589
214,75.84,155,405,467,30.56,42
215,13.52,717,490,275,-40.6,782
216,59.2,285,435,418,10.56,254
217,24.78,597,336,578,-6.68,491
218,10.64,743,405,467,-34.64,766
219,61.95,247,455,385,11.61,233
220,9.51,748,290,710,-16.31,628
221,27.28,564,465,361,-23.96,710
222,21.28,628,415,449,-25.31,721
223,71.34,183,430,422,23.16,109
224,16.27,690,510,205,-41.01,784
225,29.16,550,610,47,-44.08,789
226,11.76,733,300,680,-14.66,615
227,24.78,597,450,397,-25.13,720
228,67.71,206,430,422,19.53,153
229,49.94,357,500,225,-5.66,472
230,60.33,275,600,49,-12.14,575
231,0.25,800,505,218,-56.17,799
232,67.08,211,500,225,11.48,236
233,59.57,279,600,49,-12.9,590
234,89.49,48,430,422,41.31,5
235,15.89,697,330,589,-14.43,610
236,33.67,500,500,225,-21.93,691
237,2.5,796,250,758,-20.57,667
238,6.51,770,410,457,-39.45,778
239,25.66,585,250,758,2.59,369
240,30.04,540,450,397,-19.87,658
241,12.52,724,380,520,-28.45,741
242,42.68,414,300,680,16.26,187
243,23.4,607,480,318,-29.44,745
244,56.2,310,330,589,25.88,78
245,50.19,356,465,361,-1.05,419
246,53.07,330,465,361,1.83,381
247,40.05,439,330,589,9.73,274
248,75.09,161,500,225,19.49,155
249,91.86,29,600,49,19.39,157
250,67.21,210,540,126,4.13,348
251,19.77,651,330,589,-10.55,547
252,32.92,514,500,225,-22.68,700
253,37.05,479,515,196,-21.13,680
254,63.95,235,465,361,12.71,221
255,38.3,463,250,758,15.23,201
256,10.76,741,210,783,0.82,394
257,49.44,366,455,385,-0.9,415
258,35.54,489,305,662,8.7,293
259,69.46,189,360,539,32.79,30
260,62.2,242,365,532,24.42,94
261,77.35,143,490,275,23.23,108
262,26.28,580,540,126,-36.8,773
263,86.98,69,580,91,16.79,180
264,80.85,107,580,91,10.66,251
265,66.21,219,580,91,-3.98,450
266,21.65,621,300,680,-4.77,459
267,33.42,504,410,457,-12.54,581
268,47.43,380,600,49,-25.04,719
269,56.7,303,700,7,-22.21,694
270,88.99,52,680,16,11.98,228
271,72.84,172,680,16,-4.17,452
272,82.1,93,600,49,9.63,275
273,42.93,411,310,642,15.58,195
274,70.09,187,405,467,24.81,87
275,92.37,26,530,149,31.3,39
276,98.75,2,630,38,24.49,92
277,19.4,657,310,642,-7.95,516
278,33.92,499,405,467,-11.36,562
279,61.95,247,530,149,0.88,393
280,81.23,102,630,38,6.97,318
281,16.02,694,310,642,-11.33,561
282,27.53,562,405,467,-17.75,640
283,40.55,431,535,135,-21.52,686
284,54.32,321,635,35,-20.13,662
285,16.27,690,220,776,2.28,374
286,55.44,316,420,439,8.28,296
287,28.04,557,240,770,7.07,315
288,75.72,157,420,439,28.56,59
289,3.5,789,195,795,-3.53,445
290,2.5,796,205,786,-5.76,474
291,46.93,386,395,499,3.19,362
292,2.5,796,205,786,-5.76,474
293,42.68,414,385,513,0.73,395
294,6.38,772,220,776,-7.61,508
295,27.03,569,340,570,-5.25,465
296,52.82,334,480,318,-0.02,407
297,6.76,767,220,776,-7.23,499
298,41.3,427,340,570,9.02,286
299,64.08,232,480,318,11.24,239
300,61.45,256,270,741,36.44,19
301,91.36,33,430,422,43.18,3
302,52.69,335,270,741,27.68,66
303,45.43,396,430,422,-2.75,441
304,13.27,720,198,794,6.29,324
305,23.03,609,278,733,-2.31,437
306,58.32,290,518,194,-0.42,413
307,78.35,130,618,44,4.64,338
308,34.04,497,269,744,9.08,284
309,39.3,448,414,451,-7.17,498
310,12.39,726,295,700,-13.7,601
311,53.57,325,460,372,2.79,363
312,7.76,755,280,726,-17.66,639
313,67.96,205,440,409,18.89,162
314,77.85,134,670,29,1.65,383
315,15.77,698,266,745,-9.02,525
316,97.62,5,456,384,47.19,1
317,7.63,756,236,774,-12.22,578
318,6.76,767,240,770,-14.21,608
319,24.41,602,360,539,-12.26,579
320,48.69,373,490,275,-5.43,469
321,7.13,764,237,772,-13.02,591
322,32.04,523,474,342,-20.12,661
323,2.88,794,190,799,-5.44,470
324,6.01,773,375,525,-33.94,764
325,22.53,613,260,752,-1.8,430
326,48.56,375,380,520,7.59,311
327,22.15,616,380,520,-18.82,645
328,13.14,721,480,318,-39.7,779
329,30.04,540,380,520,-10.93,556
330,30.29,538,480,318,-22.55,697
331,19.65,655,330,589,-10.67,549
332,26.78,574,430,422,-21.4,685
333,33.42,504,530,149,-27.65,737
334,29.66,545,630,38,-44.6,792
335,34.79,494,280,726,9.37,282
336,56.7,303,410,457,10.74,248
337,76.1,152,510,205,18.82,163
338,40.55,431,295,700,14.46,210
339,81.6,98,475,335,29.33,54
340,91.49,32,575,115,22.02,122
341,68.09,203,405,467,22.81,113
342,65.58,221,405,467,20.3,141
343,64.21,231,400,494,19.67,148
344,59.45,280,400,494,14.91,203
345,44.43,402,400,494,-0.11,408
346,13.52,717,302,679,-13.06,592
347,32.17,521,467,358,-19.27,652
348,46.43,387,305,662,19.59,150
349,78.1,132,460,372,27.32,69
350,88.36,60,560,118,21.41,128
351,38.55,459,400,494,-5.99,479
352,39.92,441,500,225,-15.68,623
353,15.02,705,305,662,-11.82,570
354,24.03,603,460,372,-26.75,729
355,37.8,468,560,118,-29.15,743
356,18.52,666,470,350,-33.22,761
357,31.54,527,330,589,1.22,389
358,55.69,313,470,350,3.95,350
359,35.42,490,360,539,-1.25,421
360,33.54,502,290,710,7.72,309
361,48.81,370,340,570,16.53,185
362,80.23,114,520,181,21.11,133
363,15.02,705,335,579,-16.25,627
364,40.3,436,475,335,-11.97,573
365,25.16,592,310,642,-2.19,434
366,62.08,245,490,275,7.96,303
367,60.58,270,590,87,-10.88,553
368,68.34,198,458,382,17.74,170
369,43.93,405,458,382,-6.67,490
370,49.19,367,440,409,0.12,405
371,52.69,335,440,409,3.62,358
372,37.3,475,288,718,11.57,234
373,39.05,454,468,356,-12.48,580
374,14.52,710,308,656,-12.61,587
375,36.05,487,468,356,-15.48,620
376,32.29,518,300,680,5.87,327
377,57.07,301,500,225,1.47,386
378,6.01,773,355,546,-29.54,746
379,24.03,603,495,254,-30.81,751
380,58.57,288,355,546,23.02,112
381,30.04,540,495,254,-24.8,718
382,19.77,651,200,791,12.6,224
383,61.33,259,540,126,-1.75,429
384,48.69,373,420,439,1.53,384
385,15.39,700,440,409,-33.68,762
386,20.9,632,295,700,-5.19,464
387,40.55,431,455,385,-9.79,539
388,54.19,322,555,120,-11.83,571
389,6.01,773,295,700,-20.08,660
390,6.63,769,455,385,-43.71,788
391,30.91,535,460,372,-19.87,658
392,42.43,420,425,430,-5.26,466
393,62.2,242,465,361,10.96,240
394,92.49,25,565,117,24.65,89
395,3.63,788,260,752,-20.7,671
396,24.03,603,300,680,-2.39,438
397,60.45,271,480,318,7.61,310
398,80.73,110,580,91,10.54,255
399,4.63,782,290,710,-21.19,682
400,22.15,616,410,457,-23.81,707
401,47.18,382,530,149,-13.89,604
402,11.39,736,345,565,-21.95,692
403,33.17,510,485,297,-20.28,664
404,32.67,516,485,297,-20.78,673
405,35.29,491,485,297,-18.16,641
406,52.32,341,330,589,22,123
407,25.41,590,300,680,-1.01,418
408,25.91,583,420,439,-21.25,683
409,81.85,95,600,49,9.38,280
410,95.49,11,700,7,16.58,184
411,11.01,738,300,680,-15.41,618
412,27.91,558,420,439,-19.25,651
413,53.44,327,600,49,-19.03,648
414,89.74,45,700,7,10.83,244
415,28.16,555,580,91,-42.03,785
416,25.66,585,580,91,-44.53,791
417,27.41,563,580,91,-42.78,786
418,89.49,48,600,49,17.02,177
419,88.74,55,700,7,9.83,270
420,89.74,45,600,49,17.27,174
421,88.86,54,700,7,9.95,266
422,71.46,180,670,29,-4.74,457
423,71.96,178,770,4,-11.14,557
424,71.46,180,670,29,-4.74,457
425,73.59,167,770,4,-9.51,535
426,77.22,145,680,16,0.21,402
427,93.62,17,780,1,4.25,345
428,79.35,124,600,49,6.88,320
429,94.87,13,600,49,22.4,118
430,95.74,10,600,49,23.27,107
431,66.96,213,600,49,-5.51,471
432,92.74,22,600,49,20.27,142
433,12.02,730,318,627,-16.34,629
434,20.9,632,405,467,-24.38,715
435,40.68,430,525,162,-19.41,654
436,37.67,470,309,652,10.43,256
437,61.95,247,405,467,16.67,182
438,88.61,57,534,144,26.74,72
439,15.27,702,314,636,-12.56,584
440,26.28,580,405,467,-19,647
441,40.55,431,530,149,-20.52,666
442,37.67,470,245,765,15.53,197
443,59.82,278,340,570,27.54,68
444,79.47,123,485,297,26.02,76
445,7.88,754,250,758,-15.19,617
446,52.94,331,410,457,6.98,317
447,3.38,791,194,798,-3.78,448
448,45.56,395,384,517,3.8,352
449,21.03,630,263,749,-3.55,446
450,38.3,463,363,536,0.96,392
451,50.81,352,523,178,-8.89,522
452,27.28,564,280,726,1.86,380
453,68.59,196,515,196,10.41,258
454,39.42,447,350,554,4.99,336
455,43.93,405,495,254,-10.91,555
456,7.13,764,350,554,-27.3,736
457,10.64,743,495,254,-44.2,790
458,10.76,741,224,775,-4.86,460
459,14.89,708,424,434,-32.7,759
460,17.52,680,424,434,-30.07,747
461,19.15,660,424,434,-28.44,740
462,50.31,353,424,434,2.72,364
463,39.67,445,244,769,17.75,169
464,17.9,673,474,342,-34.26,765
465,66.58,215,405,467,21.3,129
466,64.08,232,330,589,33.76,28
467,92.24,27,495,254,37.4,13
468,11.64,734,275,735,-13.59,600
469,64.71,229,450,397,14.8,204
470,12.52,724,325,608,-16.92,632
471,19.77,651,475,335,-32.5,756
472,88.11,64,482,315,35.03,23
473,49.56,363,348,562,15.57,196
474,57.95,293,498,249,2.66,366
475,60.7,267,350,554,26.27,73
476,81.23,102,480,318,28.39,61
477,92.87,21,580,91,22.68,116
478,75.09,161,495,254,20.25,143
479,61.08,261,505,218,4.66,337
480,58.2,291,310,642,30.85,40
481,86.73,71,452,395,36.65,18
482,18.15,667,285,722,-7.45,504
483,53.82,324,329,604,23.68,101
484,67.33,208,479,333,14.61,206
485,5.51,778,300,680,-20.91,674
486,20.03,646,500,225,-35.57,768
487,21.53,623,290,710,-4.29,454
488,27.16,567,310,642,-0.19,410
489,4.01,786,220,776,-9.98,540
490,70.46,185,411,455,24.37,95
491,17.9,673,485,297,-35.55,767
492,19.9,648,300,680,-6.52,487
493,61.45,256,410,457,15.49,200
494,81.85,95,600,49,9.38,280
495,72.09,177,700,7,-6.82,494
496,55.57,314,390,505,12.7,222
497,36.42,484,285,722,10.82,245
498,69.71,188,525,162,9.62,276
499,90.24,41,625,42,16.19,188
500,17.77,676,330,589,-12.55,582
501,33.29,507,525,162,-26.8,730
502,42.55,419,330,589,12.23,227
503,76.35,150,500,225,20.75,135
504,25.16,592,300,680,-1.26,422
505,64.96,225,490,275,10.84,243
506,26.03,582,454,394,-24.22,713
507,44.43,402,330,589,14.11,213
508,71.46,180,460,372,20.68,136
509,22.03,618,345,565,-11.31,560
510,17.27,682,334,588,-13.8,603
511,41.55,425,494,269,-13.14,595
512,50.31,353,594,86,-21.59,688
513,96.25,8,510,205,38.97,8
514,39.92,441,535,135,-22.15,693
515,26.91,573,515,196,-31.27,752
516,44.93,399,535,135,-17.14,635
517,29.54,547,535,135,-32.53,757
518,74.47,164,540,126,11.39,238
519,65.21,222,540,126,2.13,377
520,61.83,251,545,124,-2.25,435
521,77.72,136,515,196,19.54,152
522,76.97,147,525,162,16.88,178
523,44.43,402,525,162,-15.66,622
524,79.85,119,510,205,22.57,117
525,63.7,236,530,149,2.63,368
526,68.21,202,535,135,6.14,326
527,59.45,280,518,194,0.71,396
528,88.49,59,618,44,14.78,205
529,17.02,683,525,162,-43.07,787
530,20.65,640,525,162,-39.44,777
531,42.3,421,480,318,-10.54,546
532,29.91,543,440,409,-19.16,650
533,66.08,220,520,181,6.96,319
534,69.09,191,520,181,9.97,265
535,68.96,193,520,181,9.84,269
536,68.34,198,520,181,9.22,283
537,68.71,194,520,181,9.59,277
538,72.47,174,580,91,2.28,374
539,59.32,282,580,91,-10.87,552
540,89.74,45,580,91,19.55,151
541,72.84,172,680,16,-4.17,452
542,82.35,90,680,16,5.34,334
543,61.58,254,600,49,-10.89,554
544,77.6,139,670,29,1.4,387
545,62.08,245,680,16,-14.93,616
546,61.58,254,680,16,-15.43,619
547,64.83,228,600,49,-7.64,509
548,61.08,261,480,318,8.24,298
549,81.23,102,600,49,8.76,290
550,93.62,17,600,49,21.15,131
551,81.48,99,600,49,9.01,288
552,97.37,6,600,49,24.9,86
553,90.24,41,720,6,9.81,271
554,80.85,107,600,49,8.38,295
555,41.05,429,308,656,13.92,217
556,63.2,238,413,452,16.85,179
557,90.49,39,528,159,29.81,51
558,20.65,640,308,656,-6.48,486
559,35.29,491,418,448,-11.65,565
560,48.56,375,528,159,-12.12,574
561,21.15,629,308,656,-5.98,478
562,38.55,459,413,452,-7.8,512
563,51.56,346,528,159,-9.12,530
564,17.65,678,255,755,-6.14,482
565,57.82,295,420,439,10.66,251
566,29.41,549,275,735,4.18,347
567,37.17,477,370,527,-1.71,428
568,59.32,282,500,225,3.72,354
569,47.06,385,281,725,21.61,127
570,86.98,69,446,405,37.4,13
571,42.68,414,316,630,14.59,207
572,83.85,81,498,249,28.56,59
573,39.8,444,316,630,11.71,231
574,82.48,88,498,249,27.19,71
575,42.18,424,316,630,14.09,214
576,83.23,83,498,249,27.94,65
577,3.5,789,292,708,-22.42,696
578,7.38,758,487,296,-46.34,796
579,21.65,621,264,748,-3,443
580,44.81,400,358,545,8.59,294
581,74.34,165,488,294,20.49,140
582,55.82,312,295,700,29.73,52
583,90.49,39,497,253,35.35,22
584,16.77,686,280,726,-8.65,520
585,29.66,545,390,505,-13.21,597
586,37.17,477,515,196,-21.01,677
587,52.19,343,313,640,24.49,92
588,88.74,55,425,430,41.05,6
589,53.32,329,328,606,23.36,106
590,73.22,169,508,216,16.29,186
591,25.66,585,445,406,-23.84,708
592,25.03,595,545,124,-39.05,776
593,14.27,712,305,662,-12.57,585
594,20.78,636,405,467,-24.5,716
595,31.66,524,505,218,-24.76,717
596,41.55,425,294,706,15.52,198
597,49.69,361,384,517,7.93,304
598,57.7,297,509,215,0.6,399
599,25.91,583,465,361,-25.33,722
600,64.08,232,465,361,12.84,219
601,20.65,640,310,642,-6.7,492
602,21.53,623,380,520,-19.44,655
603,77.22,145,500,225,21.62,126
604,33.29,507,260,752,8.96,289
605,24.53,601,360,539,-12.14,575
606,91.61,31,485,297,38.16,11
607,40.43,435,280,726,15.01,202
608,85.23,77,480,318,32.39,33
609,6.51,770,280,726,-18.91,646
610,68.34,198,480,318,15.5,199
611,79.6,121,460,372,28.82,58
612,51.06,348,292,708,25.14,85
613,62.95,240,351,553,28.3,62
614,79.6,121,519,193,20.67,137
615,28.66,553,315,633,0.71,396
616,76.85,148,480,318,24.01,98
617,31.04,531,540,126,-32.04,755
618,40.18,438,461,371,-10.69,550
619,33.04,512,325,608,3.6,359
620,26.78,574,475,335,-25.49,723
621,29.04,551,348,562,-4.95,461
622,41.3,427,488,294,-12.55,582
623,77.72,136,490,275,23.6,104
624,7.38,758,303,676,-19.28,653
625,7.26,761,483,311,-45.94,795
626,17.9,673,355,546,-17.65,638
627,27.03,569,495,254,-27.81,739
628,55.44,316,401,493,10.75,247
629,91.86,29,567,116,23.68,101
630,39.17,449,329,604,9.03,285
631,56.45,306,474,342,4.29,344
632,46.18,390,330,589,15.86,193
633,87.48,68,510,205,30.2,44
634,51.06,348,300,680,24.64,90
635,87.86,66,470,350,36.12,21
636,18.15,667,290,710,-7.67,510
637,31.04,531,390,505,-11.83,571
638,42.93,411,490,275,-11.19,558
639,1.75,799,290,710,-24.07,712
640,5.88,776,370,527,-33,760
641,9.14,749,490,275,-44.98,793
642,33.42,504,305,662,6.58,322
643,81.98,94,473,346,29.93,48
644,19.4,657,305,662,-7.44,503
645,37.42,473,395,499,-6.32,484
646,61.08,261,535,135,-0.99,417
647,52.94,331,335,579,21.67,125
648,75.97,154,475,335,23.7,100
649,84.73,79,428,429,36.74,17
650,38.8,456,315,633,10.85,242
651,60.33,275,495,254,5.49,333
652,7.51,757,294,706,-18.52,643
653,15.27,702,464,369,-35.88,772
654,10.64,743,335,579,-20.63,669
655,29.91,543,480,318,-22.93,701
656,45.31,397,470,350,-6.43,485
657,43.05,409,319,626,14.54,208
658,86.61,72,472,347,34.67,26
659,18.9,664,305,662,-7.94,515
660,42.3,421,489,293,-11.68,566
661,11.89,732,300,680,-14.53,612
662,27.91,558,440,409,-21.16,681
663,71.59,179,520,181,12.47,225
664,36.8,480,275,735,11.57,234
665,16.02,694,405,467,-29.26,744
666,26.78,574,515,196,-31.4,754
667,7.26,761,335,579,-24.01,711
668,16.02,694,485,297,-37.43,774
669,4.26,784,275,735,-20.97,676
670,28.16,555,370,527,-10.72,551
671,54.82,319,520,181,-4.3,455
672,35.67,488,320,618,7.02,316
673,49.69,361,410,457,3.73,353
674,78.97,127,540,126,15.89,191
675,16.4,688,305,662,-10.44,544
676,30.79,536,485,297,-22.66,699
677,73.34,168,485,297,19.89,145
678,5.76,777,305,662,-21.08,679
679,93.12,20,495,254,38.28,10
680,16.27,690,471,349,-35.57,768
681,43.18,407,350,554,8.75,291
682,82.85,85,510,205,25.57,80
683,27.03,569,485,297,-26.42,726
684,12.14,728,303,676,-14.52,611
685,23.03,609,483,311,-30.17,748
686,42.93,411,340,570,10.65,253
687,56.32,308,490,275,2.2,376
688,33.54,502,490,275,-20.58,668
689,38.92,455,350,554,4.49,341
690,60.95,265,510,205,3.67,356
691,46.06,391,370,527,7.18,313
692,65.21,222,510,205,7.93,304
693,46.06,391,484,309,-7.27,501
694,90.86,37,484,309,37.53,12
695,17.77,676,300,680,-8.65,520
696,39.67,445,420,439,-7.49,506
697,80.6,112,600,49,8.13,300
698,39.17,449,360,539,2.5,370
699,75.22,159,550,123,10.16,261
700,88.99,52,580,91,18.8,164
701,88.36,60,580,91,18.17,167
702,89.86,44,580,91,19.67,148
703,90.86,37,580,91,20.67,137
704,94.99,12,580,91,24.8,88
705,90.24,41,580,91,20.05,144
706,82.98,84,580,91,12.79,220
707,72.97,171,680,16,-4.04,451
708,69.09,191,680,16,-7.92,514
709,86.23,73,600,49,13.76,218
710,76.47,149,600,49,4,349
711,77.35,143,660,33,1.8,382
712,77.97,133,700,7,-0.94,416
713,77.47,140,700,7,-1.44,425
714,89.11,50,580,91,18.92,160
715,89.11,50,580,91,18.92,160
716,66.33,216,600,49,-6.14,482
717,91.99,28,600,49,19.52,154
718,82.23,91,600,49,9.76,273
719,16.4,688,313,640,-11.3,559
720,38.05,466,405,467,-7.23,499
721,47.18,382,530,149,-13.89,604
722,32.29,518,307,660,5.26,335
723,53.57,325,409,466,7.74,308
724,81.1,105,534,144,19.23,158
725,50.94,351,314,636,23.11,111
726,75.84,155,405,467,30.56,42
727,95.87,9,530,149,34.8,24
728,30.29,538,237,772,10.14,263
729,54.19,322,423,438,6.71,321
730,42.68,414,278,733,17.34,172
731,64.96,225,382,519,23.59,105
732,93.87,15,499,248,38.42,9
733,11.01,738,200,791,3.84,351
734,5.13,780,213,782,-5.97,477
735,70.21,186,411,455,24.12,97
736,48.81,370,369,531,10.15,262
737,81.35,100,507,217,24.59,91
738,19.77,651,303,676,-6.89,496
739,31.41,528,371,526,-7.69,511
740,56.32,308,552,122,-9.13,531
741,32.79,515,350,554,-1.64,426
742,52.19,343,531,148,-9.08,529
743,20.28,644,348,562,-13.71,602
744,45.06,398,495,254,-9.78,538
745,81.35,100,472,347,29.41,53
746,46.31,389,355,546,10.76,246
747,77.47,140,466,359,26.13,74
748,77.47,140,466,359,26.13,74
749,8.76,751,325,608,-20.68,670
750,14.02,714,448,404,-35.73,771
751,19.27,659,520,181,-39.85,781
752,18.15,667,520,181,-40.97,783
753,8.26,752,341,568,-24.23,714
754,12.14,728,462,370,-38.82,775
755,27.16,567,341,568,-5.33,467
756,57.2,299,480,318,4.36,343
757,25.53,589,288,718,-0.2,411
758,60.2,277,482,315,7.12,314
759,25.66,585,306,661,-1.27,423
760,52.44,338,500,225,-3.16,444
761,9.14,749,320,618,-19.51,657
762,22.03,618,494,269,-32.66,758
763,20.78,636,330,589,-9.54,536
764,38.05,466,500,225,-17.55,637
765,43.05,409,289,717,17.28,173
766,78.47,129,481,317,25.51,81
767,26.53,578,362,537,-10.59,548
768,57.2,299,521,179,-2.11,433
769,23.03,609,362,537,-14.09,607
770,39.17,449,521,179,-20.14,663
771,39.17,449,525,162,-20.92,675
772,92.62,23,500,225,37.02,15
773,80.1,116,431,421,31.83,36
774,25.41,590,500,225,-30.19,749
775,15.02,705,300,680,-11.4,563
776,38.3,463,452,395,-11.78,569
777,60.7,267,600,49,-11.77,568
778,60.45,271,470,350,8.71,292
779,18.02,671,309,652,-9.22,533
780,36.17,485,474,342,-15.99,626
781,31.66,524,335,579,0.39,401
782,34.92,493,335,579,3.65,357
783,25.16,592,335,579,-6.11,480
784,20.78,636,335,579,-10.49,545
785,61.95,247,494,269,7.26,312
786,74.09,166,494,269,19.4,156
787,49.56,363,494,269,-5.13,463
788,33.67,500,494,269,-21.02,678
789,9.64,747,304,675,-17.11,634
790,31.04,531,514,204,-26.96,732
791,31.66,524,245,765,9.52,278
792,94.87,13,535,135,32.8,29
793,80.73,110,680,16,3.72,354
794,82.85,85,680,16,5.84,329
795,72.34,175,600,49,-0.13,409
796,27.28,564,600,49,-45.19,794
797,91.36,33,700,7,12.45,226
798,17.65,678,600,49,-54.82,798
799,60.45,271,680,16,-16.56,630
800,53.44,327,600,49,-19.03,648
